[
  {
    "external_id": "TA0001",
    "tactic": "Initial Access",
    "shortname": "initial-access",
    "url": "https://attack.mitre.org/tactics/TA0001",
    "domain": [
      "Enterprise"
    ]
  },
  {
    "external_id": "TA0002",
    "tactic": "Execution",
    "shortname": "execution",
    "url": "https://attack.mitre.org/tactics/TA0002",
    "domain": [
      "Enterprise"
    ]
  },
  {
    "external_id": "TA0003",
    "tactic": "Persistence",
    "shortname": "persistence",
    "url": "https://attack.mitre.org/tactics/TA0003",
    "domain": [
      "Enterprise"
    ]
  },
  {
    "external_id": "TA0004",
    "tactic": "Privilege Escalation",
    "shortname": "privilege-escalation",
    "url": "https://attack.mitre.org/tactics/TA0004",
    "domain": [
      "Enterprise"
    ]
  },
  {
    "external_id": "TA0005",
    "tactic": "Defense Evasion",
    "shortname": "defense-evasion",
    "url": "https://attack.mitre.org/tactics/TA0005",
    "domain": [
      "Enterprise"
    ]
  },
  {
    "external_id": "TA0006",
    "tactic": "Credential Access",
    "shortname": "credential-access",
    "url": "https://attack.mitre.org/tactics/TA0006",
    "domain": [
      "Enterprise"
    ]
  },
  {
    "external_id": "TA0007",
    "tactic": "Discovery",
    "shortname": "discovery",
    "url": "https://attack.mitre.org/tactics/TA0007",
    "domain": [
      "Enterprise"
    ]
  },
  {
    "external_id": "TA0008",
    "tactic": "Lateral Movement",
    "shortname": "lateral-movement",
    "url": "https://attack.mitre.org/tactics/TA0008",
    "domain": [
      "Enterprise"
    ]
  },
  {
    "external_id": "TA0009",
    "tactic": "Collection",
    "shortname": "collection",
    "url": "https://attack.mitre.org/tactics/TA0009",
    "domain": [
      "Enterprise"
    ]
  },
  {
    "external_id": "TA0010",
    "tactic": "Exfiltration",
    "shortname": "exfiltration",
    "url": "https://attack.mitre.org/tactics/TA0010",
    "domain": [
      "Enterprise"
    ]
  },
  {
    "external_id": "TA0011",
    "tactic": "Command and Control",
    "shortname": "command-and-control",
    "url": "https://attack.mitre.org/tactics/TA0011",
    "domain": [
      "Enterprise"
    ]
  },
  {
    "external_id": "TA0027",
    "tactic": "Initial Access",
    "shortname": "initial-access",
    "url": "https://attack.mitre.org/tactics/TA0027",
    "domain": [
      "Mobile"
    ]
  },
  {
    "external_id": "TA0028",
    "tactic": "Persistence",
    "shortname": "persistence",
    "url": "https://attack.mitre.org/tactics/TA0028",
    "domain": [
      "Mobile"
    ]
  },
  {
    "external_id": "TA0029",
    "tactic": "Privilege Escalation",
    "shortname": "privilege-escalation",
    "url": "https://attack.mitre.org/tactics/TA0029",
    "domain": [
      "Mobile"
    ]
  },
  {
    "external_id": "TA0030",
    "tactic": "Defense Evasion",
    "shortname": "defense-evasion",
    "url": "https://attack.mitre.org/tactics/TA0030",
    "domain": [
      "Mobile"
    ]
  },
  {
    "external_id": "TA0031",
    "tactic": "Credential Access",
    "shortname": "credential-access",
    "url": "https://attack.mitre.org/tactics/TA0031",
    "domain": [
      "Mobile"
    ]
  },
  {
    "external_id": "TA0032",
    "tactic": "Discovery",
    "shortname": "discovery",
    "url": "https://attack.mitre.org/tactics/TA0032",
    "domain": [
      "Mobile"
    ]
  },
  {
    "external_id": "TA0033",
    "tactic": "Lateral Movement",
    "shortname": "lateral-movement",
    "url": "https://attack.mitre.org/tactics/TA0033",
    "domain": [
      "Mobile"
    ]
  },
  {
    "external_id": "TA0034",
    "tactic": "Impact",
    "shortname": "impact",
    "url": "https://attack.mitre.org/tactics/TA0034",
    "domain": [
      "Mobile"
    ]
  },
  {
    "external_id": "TA0035",
    "tactic": "Collection",
    "shortname": "collection",
    "url": "https://attack.mitre.org/tactics/TA0035",
    "domain": [
      "Mobile"
    ]
  },
  {
    "external_id": "TA0036",
    "tactic": "Exfiltration",
    "shortname": "exfiltration",
    "url": "https://attack.mitre.org/tactics/TA0036",
    "domain": [
      "Mobile"
    ]
  },
  {
    "external_id": "TA0037",
    "tactic": "Command and Control",
    "shortname": "command-and-control",
    "url": "https://attack.mitre.org/tactics/TA0037",
    "domain": [
      "Mobile"
    ]
  },
  {
    "external_id": "TA0038",
    "tactic": "Network Effects",
    "shortname": "network-effects",
    "url": "https://attack.mitre.org/tactics/TA0038",
    "domain": [
      "Mobile"
    ]
  },
  {
    "external_id": "TA0039",
    "tactic": "Remote Service Effects",
    "shortname": "remote-service-effects",
    "url": "https://attack.mitre.org/tactics/TA0039",
    "domain": [
      "Mobile"
    ]
  },
  {
    "external_id": "TA0040",
    "tactic": "Impact",
    "shortname": "impact",
    "url": "https://attack.mitre.org/tactics/TA0040",
    "domain": [
      "Enterprise"
    ]
  },
  {
    "external_id": "TA0041",
    "tactic": "Execution",
    "shortname": "execution",
    "url": "https://attack.mitre.org/tactics/TA0041",
    "domain": [
      "Mobile"
    ]
  },
  {
    "external_id": "TA0042",
    "tactic": "Resource Development",
    "shortname": "resource-development",
    "url": "https://attack.mitre.org/tactics/TA0042",
    "domain": [
      "Enterprise"
    ]
  },
  {
    "external_id": "TA0043",
    "tactic": "Reconnaissance",
    "shortname": "reconnaissance",
    "url": "https://attack.mitre.org/tactics/TA0043",
    "domain": [
      "Enterprise"
    ]
  },
  {
    "external_id": "TA0100",
    "tactic": "Collection",
    "shortname": "collection-ics",
    "url": "https://attack.mitre.org/tactics/TA0100",
    "domain": [
      "ICS"
    ]
  },
  {
    "external_id": "TA0101",
    "tactic": "Command and Control",
    "shortname": "command-and-control-ics",
    "url": "https://attack.mitre.org/tactics/TA0101",
    "domain": [
      "ICS"
    ]
  },
  {
    "external_id": "TA0102",
    "tactic": "Discovery",
    "shortname": "discovery-ics",
    "url": "https://attack.mitre.org/tactics/TA0102",
    "domain": [
      "ICS"
    ]
  },
  {
    "external_id": "TA0103",
    "tactic": "Evasion",
    "shortname": "evasion-ics",
    "url": "https://attack.mitre.org/tactics/TA0103",
    "domain": [
      "ICS"
    ]
  },
  {
    "external_id": "TA0104",
    "tactic": "Execution",
    "shortname": "execution-ics",
    "url": "https://attack.mitre.org/tactics/TA0104",
    "domain": [
      "ICS"
    ]
  },
  {
    "external_id": "TA0105",
    "tactic": "Impact",
    "shortname": "impact-ics",
    "url": "https://attack.mitre.org/tactics/TA0105",
    "domain": [
      "ICS"
    ]
  },
  {
    "external_id": "TA0106",
    "tactic": "Impair Process Control",
    "shortname": "impair-process-control",
    "url": "https://attack.mitre.org/tactics/TA0106",
    "domain": [
      "ICS"
    ]
  },
  {
    "external_id": "TA0107",
    "tactic": "Inhibit Response Function",
    "shortname": "inhibit-response-function",
    "url": "https://attack.mitre.org/tactics/TA0107",
    "domain": [
      "ICS"
    ]
  },
  {
    "external_id": "TA0108",
    "tactic": "Initial Access",
    "shortname": "initial-access-ics",
    "url": "https://attack.mitre.org/tactics/TA0108",
    "domain": [
      "ICS"
    ]
  },
  {
    "external_id": "TA0109",
    "tactic": "Lateral Movement",
    "shortname": "lateral-movement-ics",
    "url": "https://attack.mitre.org/tactics/TA0109",
    "domain": [
      "ICS"
    ]
  },
  {
    "external_id": "TA0110",
    "tactic": "Persistence",
    "shortname": "persistence-ics",
    "url": "https://attack.mitre.org/tactics/TA0110",
    "domain": [
      "ICS"
    ]
  },
  {
    "external_id": "TA0111",
    "tactic": "Privilege Escalation",
    "shortname": "privilege-escalation",
    "url": "https://attack.mitre.org/tactics/TA0111",
    "domain": [
      "ICS"
    ]
  }
]